market,side,position_size,value,mark_price,funding_payment,rate,time
MON-USD,LONG,2080,49.907582,0.023994029913,0.00494,-0.000099,2025-12-12T21:00:00.692Z
PENDLE-USD,LONG,22,48.287597,2.1948907845,0.003766,-0.000078,2025-12-12T21:00:00.692Z
ZRO-USD,LONG,35,49.221101,1.406317179083,-0.000247,0.000005,2025-12-12T21:00:00.692Z
CRV-USD,LONG,128,49.587245,0.387400355499,0.004809,-0.000097,2025-12-12T21:00:00.692Z
EDEN-USD,LONG,770,49.942115,0.064859889624,0.00834,-0.000167,2025-12-12T21:00:00.692Z
ZEC-USD,LONG,0.1,39.607886,396.078862275,-0.000515,0.000013,2025-12-09T05:00:00.104Z
ENA-USD,LONG,180,48.160083,0.267556019874,0.001012,-0.000021,2025-12-09T05:00:00.104Z
RESOLV-USD,LONG,630,49.698668,0.078886774912,-0.000646,0.000013,2025-12-09T05:00:00.104Z
WLD-USD,LONG,83,50.394583,0.607163660874,-0.000655,0.000013,2025-12-09T05:00:00.104Z
MNT-USD,LONG,45,49.908497,1.109077726249,-0.000649,0.000013,2025-12-09T05:00:00.104Z
ZEC-USD,LONG,0.1,40.248018,402.480183749999,-0.000524,0.000013,2025-12-09T04:00:00.104Z
ENA-USD,LONG,180,48.81066,0.271170336249,0.002489,-0.000051,2025-12-09T04:00:00.104Z
RESOLV-USD,LONG,630,49.34215,0.078320873624,0.000197,-0.000004,2025-12-09T04:00:00.104Z
WLD-USD,LONG,83,51.310297,0.618196361249,-0.000667,0.000013,2025-12-09T04:00:00.104Z
MNT-USD,LONG,45,50.716553,1.127034521249,0.001014,-0.00002,2025-12-09T04:00:00.104Z
ZEC-USD,LONG,0.1,40.301999,403.019999999999,-0.000523,0.000013,2025-12-09T03:00:00.104Z
ENA-USD,LONG,180,48.162371,0.2675687285,0.001734,-0.000036,2025-12-09T03:00:00.104Z
RESOLV-USD,LONG,630,49.300704,0.078255086249,0.003698,-0.000075,2025-12-09T03:00:00.104Z
WLD-USD,LONG,83,49.965347,0.601992136499,-0.000649,0.000013,2025-12-09T03:00:00.104Z
MNT-USD,LONG,45,50.185011,1.115222484749,0.004266,-0.000085,2025-12-09T03:00:00.104Z
ZEC-USD,LONG,0.1,40.358508,403.585089374999,-0.000525,0.000013,2025-12-09T02:00:00.104Z
ENA-USD,LONG,180,48.358208,0.268656716249,-0.00058,0.000012,2025-12-09T02:00:00.104Z
RESOLV-USD,LONG,630,49.616766,0.078756771987,-0.000645,0.000013,2025-12-09T02:00:00.104Z
WLD-USD,LONG,83,49.863371,0.600763516875,-0.000649,0.000013,2025-12-09T02:00:00.104Z
MNT-USD,LONG,45,50.439384,1.120875219124,0.001765,-0.000035,2025-12-09T02:00:00.104Z
ZEC-USD,LONG,0.1,41.538746,415.38746125,-0.000416,0.00001,2025-12-09T01:00:00.104Z
ENA-USD,LONG,180,48.772463,0.2709581285,-0.000537,0.000011,2025-12-09T01:00:00.104Z
RESOLV-USD,LONG,630,49.472234,0.07852735575,-0.000643,0.000013,2025-12-09T01:00:00.104Z
WLD-USD,LONG,83,50.36176,0.6067682025,-0.000654,0.000013,2025-12-09T01:00:00.104Z
MNT-USD,LONG,45,49.075976,1.090577263749,-0.000294,0.000006,2025-12-09T01:00:00.104Z
ZEC-USD,LONG,0.1,40.5475,405.475,-0.000527,0.000013,2025-12-09T00:00:00.104Z
ENA-USD,LONG,180,49.024593,0.272358851374,0.000392,-0.000008,2025-12-09T00:00:00.104Z
RESOLV-USD,LONG,630,49.862845,0.079147374349,-0.000648,0.000013,2025-12-09T00:00:00.104Z
WLD-USD,LONG,83,50.959506,0.613969953374,-0.000663,0.000013,2025-12-09T00:00:00.104Z
MNT-USD,LONG,45,49.184225,1.092982788499,0.003984,-0.000081,2025-12-09T00:00:00.104Z
ZEC-USD,LONG,0.1,41.300396,413.0039674875,-0.000082,0.000002,2025-12-08T23:00:00.104Z
ENA-USD,LONG,180,49.131614,0.272953411874,0.001474,-0.00003,2025-12-08T23:00:00.104Z
RESOLV-USD,LONG,630,49.792547,0.079035790349,-0.00015,0.000003,2025-12-08T23:00:00.104Z
WLD-USD,LONG,83,50.68471,0.610659159749,-0.000659,0.000013,2025-12-08T23:00:00.104Z
MNT-USD,LONG,45,49.479502,1.099544502249,0.003612,-0.000073,2025-12-08T23:00:00.104Z
ZEC-USD,LONG,0.1,41.620916,416.20916205,0.000249,-0.000006,2025-12-08T22:00:00.104Z
ENA-USD,LONG,180,49.869498,0.2770527705,0.002244,-0.000045,2025-12-08T22:00:00.104Z
RESOLV-USD,LONG,630,49.326343,0.07829578295,-0.000247,0.000005,2025-12-08T22:00:00.104Z
WLD-USD,LONG,83,50.05365,0.6030560305,0.002102,-0.000042,2025-12-08T22:00:00.104Z
MNT-USD,LONG,45,49.903249,1.1089610895,0.002195,-0.000044,2025-12-08T22:00:00.104Z
ZEC-USD,LONG,0.1,41.072727,410.7272740375,-0.000534,0.000013,2025-12-08T19:00:00.104Z
ZEC-USD,LONG,0.1,41.915873,419.158739418749,-0.000545,0.000013,2025-12-08T18:00:00.104Z
MON-USD,LONG,2070,59.564425,0.028775084854,-0.000775,0.000013,2025-12-08T11:00:00.104Z
ZRO-USD,LONG,42,58.851243,1.401220076453,0.002471,-0.000042,2025-12-08T11:00:00.104Z
RESOLV-USD,LONG,800,59.156428,0.073945535737,0.008695,-0.000147,2025-12-07T21:00:00.104Z
WLFI-USD,SHORT,400,59.590128,0.1489753215,-0.001967,-0.000033,2025-12-07T16:00:00.104Z
ZORA-USD,LONG,1200,57.093704,0.0475780869,0.003996,-0.00007,2025-12-07T13:00:00.104Z
ENA-USD,LONG,220,57.462767,0.2611943955,0.004711,-0.000082,2025-12-07T13:00:00.104Z
WLFI-USD,SHORT,400,58.950019,0.147375049499,0.000766,0.000013,2025-12-07T13:00:00.104Z
ZORA-USD,SHORT,10500,501.200194,0.047733351875,0.006515,0.000013,2025-12-07T09:00:00.104Z
LTC-USD,LONG,6.05,495.97627,81.979548787499,0.03571,-0.000072,2025-12-07T09:00:00.104Z
IP-USD,SHORT,226,501.955981,2.221044165374,-0.003012,-0.000006,2025-12-07T09:00:00.104Z
POPCAT-USD,LONG,2468,249.997314,0.101295508187,-0.00325,0.000013,2025-12-06T18:00:00.104Z
1000BONK-USD,SHORT,11000,100.149027,0.009104457037,-0.000802,-0.000008,2025-12-06T16:00:00.104Z
LTC-USD,SHORT,1.24,101.260047,81.661329,0.001316,0.000013,2025-12-06T15:00:00.104Z
WLFI-USD,SHORT,670,100.541037,0.150061249998,-0.009752,-0.000097,2025-12-06T15:00:00.104Z
AERO-USD,SHORT,153,104.619369,0.68378673,0.00136,0.000013,2025-12-06T15:00:00.104Z
LTC-USD,SHORT,1.24,101.09831,81.530895424999,-0.000607,-0.000006,2025-12-06T14:00:00.104Z
WLFI-USD,SHORT,670,100.084012,0.149379123249,-0.006006,-0.00006,2025-12-06T14:00:00.104Z
AERO-USD,SHORT,153,103.195669,0.674481498249,0.001341,0.000013,2025-12-06T14:00:00.104Z
WLFI-USD,SHORT,670,99.741394,0.148867752835,-0.005786,-0.000058,2025-12-06T13:00:00.104Z
CRV-USD,LONG,259,98.921649,0.381936870874,0.013651,-0.000138,2025-12-06T13:00:00.104Z
AERO-USD,SHORT,153,100.658644,0.657899638124,-0.004027,-0.00004,2025-12-06T13:00:00.104Z
WLFI-USD,SHORT,670,99.491338,0.148494534999,-0.003881,-0.000039,2025-12-06T12:00:00.104Z
AERO-USD,SHORT,153,100.872552,0.65929773,-0.002018,-0.00002,2025-12-06T12:00:00.104Z
KAITO-USD,LONG,155,99.237512,0.640242014999,0.017168,-0.000173,2025-12-06T12:00:00.104Z
TRUMP-USD,LONG,5,28.628653,5.725730767499,-0.000373,0.000013,2025-12-06T11:00:00.104Z
WLFI-USD,LONG,200,29.756396,0.148781981249,0.000029,-0.000001,2025-12-06T11:00:00.104Z
1000PEPE-USD,LONG,6800,29.610164,0.004354436002,0.002043,-0.000069,2025-12-06T11:00:00.104Z
WLFI-USD,LONG,190,28.42068,0.149582527125,0.002131,-0.000075,2025-12-06T07:00:00.104Z
IP-USD,LONG,13,28.625796,2.20198433,-0.000373,0.000013,2025-12-06T07:00:00.104Z
APT-USD,LONG,17.3,29.701908,1.716873338749,0.00392,-0.000132,2025-12-06T07:00:00.104Z
ONDO-USD,LONG,64,29.781508,0.46533607125,-0.000388,0.000013,2025-12-06T06:00:00.104Z
KAITO-USD,LONG,46,29.318922,0.63736789125,0.009968,-0.00034,2025-12-06T06:00:00.104Z
EDEN-USD,LONG,400,30.22359,0.075558975825,-0.000393,0.000013,2025-12-06T06:00:00.104Z
ONDO-USD,LONG,64,29.736848,0.464638264499,-0.000148,0.000005,2025-12-06T05:00:00.104Z
KAITO-USD,LONG,46,29.37888,0.638671324499,0.011987,-0.000408,2025-12-06T05:00:00.104Z
EDEN-USD,LONG,400,30.063711,0.07515927755,-0.000391,0.000013,2025-12-06T05:00:00.104Z
ONDO-USD,LONG,64,29.95434,0.46803657075,0.001078,-0.000036,2025-12-06T04:00:00.104Z
KAITO-USD,LONG,46,29.397137,0.63906820575,0.008054,-0.000274,2025-12-06T04:00:00.104Z
EDEN-USD,LONG,400,30.303605,0.075759012825,0.001243,-0.000041,2025-12-06T04:00:00.104Z
ONDO-USD,LONG,64,29.775405,0.465240704249,0.000685,-0.000023,2025-12-06T03:00:00.104Z
KAITO-USD,LONG,46,29.30534,0.637072612875,0.008235,-0.000281,2025-12-06T03:00:00.104Z
EDEN-USD,LONG,400,29.95584,0.074889600624,0.001887,-0.000063,2025-12-06T03:00:00.104Z
ONDO-USD,LONG,64,29.775107,0.46523605275,0.000119,-0.000004,2025-12-06T02:00:00.104Z
KAITO-USD,LONG,46,29.30512,0.63706783575,0.011459,-0.000391,2025-12-06T02:00:00.104Z
EDEN-USD,LONG,400,29.673488,0.07418372145,0.003858,-0.00013,2025-12-06T02:00:00.104Z
ONDO-USD,LONG,64,29.77533,0.465239541375,0.000387,-0.000013,2025-12-06T01:00:00.104Z
KAITO-USD,LONG,46,29.36055,0.638272843875,0.012889,-0.000439,2025-12-06T01:00:00.104Z
EDEN-USD,LONG,400,29.465671,0.073664177624,0.004596,-0.000156,2025-12-06T01:00:00.104Z
ONDO-USD,LONG,64,29.655041,0.463360021874,0.000297,-0.00001,2025-12-06T00:00:00.104Z
KAITO-USD,LONG,46,29.587399,0.643204332,0.010918,-0.000369,2025-12-06T00:00:00.104Z
EDEN-USD,LONG,400,29.726984,0.0743174605,0.003597,-0.000121,2025-12-06T00:00:00.104Z
ONDO-USD,LONG,64,29.570934,0.462045854624,0.000502,-0.000017,2025-12-05T23:00:00.104Z
KAITO-USD,LONG,46,29.471487,0.640684515499,0.011405,-0.000387,2025-12-05T23:00:00.104Z
EDEN-USD,LONG,400,29.806183,0.074515458749,0.005335,-0.000179,2025-12-05T23:00:00.104Z
ONDO-USD,LONG,64,29.514724,0.46116756775,0.000591,-0.00002,2025-12-05T22:00:00.104Z
KAITO-USD,LONG,46,29.378563,0.638664413749,0.012016,-0.000409,2025-12-05T22:00:00.104Z
EDEN-USD,LONG,400,29.509523,0.073773807525,0.005548,-0.000188,2025-12-05T22:00:00.104Z
ONDO-USD,LONG,64,29.431797,0.459871833749,0.000471,-0.000016,2025-12-05T21:00:00.104Z
KAITO-USD,LONG,46,29.34464,0.637926975625,0.013117,-0.000447,2025-12-05T21:00:00.104Z
EDEN-USD,LONG,400,29.107566,0.072768915,0.007685,-0.000264,2025-12-05T21:00:00.104Z
ONDO-USD,LONG,64,29.564459,0.461944679249,0,0,2025-12-05T20:00:00.104Z
KAITO-USD,LONG,46,29.613969,0.64378194825,0.012645,-0.000427,2025-12-05T20:00:00.104Z
EDEN-USD,LONG,400,29.286002,0.073215005999,0.011363,-0.000388,2025-12-05T20:00:00.104Z
ONDO-USD,LONG,64,29.30347,0.457866726249,0.000967,-0.000033,2025-12-05T19:00:00.104Z
KAITO-USD,LONG,46,29.477414,0.640813365749,0.012941,-0.000439,2025-12-05T19:00:00.104Z
EDEN-USD,LONG,400,28.929375,0.072323437774,0.009778,-0.000338,2025-12-05T19:00:00.104Z
ONDO-USD,LONG,64,29.634873,0.463044904749,0.001066,-0.000036,2025-12-05T18:00:00.104Z
KAITO-USD,LONG,46,29.738195,0.646482501749,0.012519,-0.000421,2025-12-05T18:00:00.104Z
EDEN-USD,LONG,400,29.546055,0.07386513925,0.007563,-0.000256,2025-12-05T18:00:00.104Z
NEAR-USD,LONG,17,28.506057,1.6768269175,-0.000371,0.000013,2025-12-05T17:00:00.104Z
RESOLV-USD,LONG,380,29.757901,0.078310267525,0.001011,-0.000034,2025-12-05T17:00:00.104Z
TRX-USD,LONG,100,28.456052,0.284560522399,-0.000228,0.000008,2025-12-05T15:00:00.104Z
HYPE-USD,SHORT,0.93,29.917282,32.169120652499,0.000388,0.000013,2025-12-05T10:00:00.104Z
OP-USD,SHORT,95,30.041908,0.31623061825,-0.001653,-0.000055,2025-12-05T10:00:00.104Z
EIGEN-USD,SHORT,55,29.84364,0.542611651604,-0.000568,-0.000019,2025-12-05T10:00:00.104Z
KAITO-USD,LONG,43,29.533405,0.686823379125,0.01772,-0.0006,2025-12-05T10:00:00.104Z
MON-USD,SHORT,1070,28.3004,0.026448972258,0.000368,0.000013,2025-12-05T05:00:00.104Z
LINEA-USD,SHORT,3400,29.771837,0.008756422687,0.000387,0.000013,2025-12-05T05:00:00.104Z
APT-USD,SHORT,15.6,29.658636,1.901194639499,0.000386,0.000013,2025-12-05T05:00:00.104Z
APEX-USD,SHORT,57,30.297421,0.531533703374,-0.000485,-0.000016,2025-12-05T05:00:00.104Z
MON-USD,SHORT,1070,29.08186,0.027179309071,0.000378,0.000013,2025-12-05T04:00:00.104Z
LINEA-USD,SHORT,3400,29.873819,0.008786417637,0.000389,0.000013,2025-12-05T04:00:00.104Z
APT-USD,SHORT,15.6,30.042906,1.925827334999,0.00039,0.000013,2025-12-05T04:00:00.104Z
APEX-USD,SHORT,57,30.101116,0.52808976,-0.000091,-0.000003,2025-12-05T04:00:00.104Z
MON-USD,SHORT,1070,29.230684,0.027318397193,0.00038,0.000013,2025-12-05T03:00:00.104Z
LINEA-USD,SHORT,3400,30.179677,0.008876375625,0.000392,0.000013,2025-12-05T03:00:00.104Z
APT-USD,SHORT,15.6,30.385785,1.94780673125,0.000395,0.000013,2025-12-05T03:00:00.104Z
APEX-USD,SHORT,57,30.191879,0.529682088,0.000393,0.000013,2025-12-05T03:00:00.104Z
MON-USD,SHORT,1070,29.01225,0.027114253164,0.000377,0.000013,2025-12-05T02:00:00.104Z
LINEA-USD,SHORT,3400,30.035039,0.008833835009,0.000391,0.000013,2025-12-05T02:00:00.104Z
APT-USD,SHORT,15.6,30.274902,1.94069890125,0.000394,0.000013,2025-12-05T02:00:00.104Z
APEX-USD,SHORT,57,29.777001,0.522403540875,0.000387,0.000013,2025-12-05T02:00:00.104Z
MON-USD,SHORT,1070,28.764683,0.02688288207,0.000374,0.000013,2025-12-05T01:00:00.104Z
LINEA-USD,SHORT,3400,30.378304,0.008934795357,0.000091,0.000003,2025-12-05T01:00:00.104Z
APT-USD,SHORT,15.6,30.229382,1.937780937499,0.000393,0.000013,2025-12-05T01:00:00.104Z
APEX-USD,SHORT,57,30.031954,0.526876385999,0.00012,0.000004,2025-12-05T01:00:00.104Z
MON-USD,SHORT,1070,29.590424,0.027654602728,0.000384,0.000013,2025-12-05T00:00:00.104Z
LINEA-USD,SHORT,3400,29.941116,0.008806210687,0.000149,0.000005,2025-12-05T00:00:00.104Z
APT-USD,SHORT,15.6,30.182349,1.934765993749,0.000392,0.000013,2025-12-05T00:00:00.104Z
APEX-USD,SHORT,57,30.11439,0.528322634374,0.000392,0.000013,2025-12-05T00:00:00.104Z
MON-USD,SHORT,1070,30.386484,0.028398583739,0.000395,0.000013,2025-12-04T23:00:00.104Z
LINEA-USD,SHORT,3400,29.771539,0.008756335137,0.000387,0.000013,2025-12-04T23:00:00.104Z
APT-USD,SHORT,15.6,30.328706,1.94414784725,-0.000152,-0.000005,2025-12-04T23:00:00.104Z
APEX-USD,SHORT,57,30.218948,0.53015698575,0.000392,0.000013,2025-12-04T23:00:00.104Z
HYPE-USD,LONG,0.9,29.850507,33.16723089375,0.000746,-0.000025,2025-12-04T22:00:00.104Z
ARB-USD,LONG,138,29.721643,0.215374226875,-0.000387,0.000013,2025-12-04T22:00:00.104Z
LINEA-USD,SHORT,3400,29.498391,0.008675997625,-0.000236,-0.000008,2025-12-04T22:00:00.104Z
APT-USD,SHORT,15.6,30.116067,1.93051715875,0.000301,0.00001,2025-12-04T22:00:00.104Z
BERA-USD,SHORT,32,29.395894,0.918621701249,-0.000324,-0.000011,2025-12-04T21:00:00.104Z
IP-USD,LONG,12,28.207336,2.350611414749,0.002877,-0.000102,2025-12-04T21:00:00.104Z
LINEA-USD,LONG,3400,29.531212,0.008685650696,-0.000384,0.000013,2025-12-04T21:00:00.104Z
MON-USD,SHORT,1020,29.630637,0.029049645007,0.000385,0.000013,2025-12-04T20:00:00.104Z
STRK-USD,SHORT,250,29.69121,0.118764843749,0.000386,0.000013,2025-12-04T20:00:00.104Z
APEX-USD,LONG,54,28.56417,0.5289661125,-0.000371,0.000013,2025-12-04T20:00:00.104Z
MON-USD,SHORT,1020,29.726138,0.029143272558,-0.000149,-0.000005,2025-12-04T19:00:00.104Z
STRK-USD,SHORT,250,29.943113,0.119772453124,0.00039,0.000013,2025-12-04T19:00:00.104Z
APEX-USD,LONG,54,29.41384,0.544700750999,-0.000382,0.000013,2025-12-04T19:00:00.104Z
MON-USD,SHORT,1020,29.738047,0.029154948148,-0.000654,-0.000022,2025-12-04T18:00:00.104Z
STRK-USD,SHORT,250,30.067986,0.120271945624,0.000391,0.000013,2025-12-04T18:00:00.104Z
APEX-USD,LONG,54,29.405739,0.54455072325,-0.000383,0.000013,2025-12-04T18:00:00.104Z
MON-USD,SHORT,1020,29.768565,0.029184868459,0.000387,0.000013,2025-12-04T17:00:00.104Z
STRK-USD,SHORT,250,29.966544,0.11986617975,0.000269,0.000009,2025-12-04T17:00:00.104Z
APEX-USD,LONG,54,29.571839,0.547626657,-0.000384,0.000013,2025-12-04T17:00:00.104Z
MON-USD,SHORT,1020,30.804803,0.030200787588,0.00037,0.000012,2025-12-04T16:00:00.104Z
STRK-USD,SHORT,250,29.992672,0.119970691375,0.00015,0.000005,2025-12-04T16:00:00.104Z
APEX-USD,LONG,54,29.967143,0.55494709875,-0.00039,0.000013,2025-12-04T16:00:00.104Z
MON-USD,SHORT,1020,29.751719,0.029168351968,0.000029,0.000001,2025-12-04T15:00:00.104Z
STRK-USD,SHORT,250,29.818015,0.11927206125,-0.001193,-0.00004,2025-12-04T15:00:00.104Z
APEX-USD,LONG,54,29.227286,0.541246054125,-0.00038,0.000013,2025-12-04T15:00:00.104Z
WLFI-USD,LONG,190,29.710064,0.156368761999,0.003565,-0.00012,2025-12-04T14:00:00.104Z
1000SHIB-USD,LONG,3400,29.660058,0.008723546699,0.001423,-0.000048,2025-12-04T14:00:00.104Z
APEX-USD,SHORT,55,29.925586,0.544101573291,-0.00006,-0.000002,2025-12-04T14:00:00.104Z
ZEC-USD,LONG,0.1,36.394545,363.945450624999,-0.000474,0.000013,2025-12-04T13:00:00.104Z
RESOLV-USD,LONG,380,29.363986,0.077273647687,0.008192,-0.000279,2025-12-04T13:00:00.104Z
WLFI-USD,LONG,180,28.340645,0.157448031875,0.001558,-0.000055,2025-12-04T13:00:00.104Z
RESOLV-USD,LONG,390,29.138154,0.07471321755,0.005885,-0.000202,2025-12-03T21:00:00.104Z
IP-USD,LONG,12,28.10289,2.3419075815,-0.000366,0.000013,2025-12-03T21:00:00.104Z
AVNT-USD,LONG,82,29.560151,0.3604896495,0.001566,-0.000053,2025-12-03T21:00:00.104Z
POPCAT-USD,LONG,290,29.746786,0.10257512475,0.00113,-0.000038,2025-12-02T21:00:00.104Z
IP-USD,LONG,13,29.874817,2.2980628875,-0.00009,0.000003,2025-12-02T21:00:00.104Z
TIA-USD,LONG,48,29.47682,0.61410041775,0.001031,-0.000035,2025-12-02T21:00:00.104Z
JUP-USD,LONG,121,29.731006,0.245710798374,-0.000387,0.000013,2025-12-02T18:00:00.104Z
SPX-USD,LONG,41,29.377031,0.716512969624,0.001233,-0.000042,2025-12-02T18:00:00.104Z
APEX-USD,LONG,51,29.543738,0.579288996,0.000443,-0.000015,2025-12-02T18:00:00.104Z
EIGEN-USD,LONG,52,29.374462,0.564893515746,0.001674,-0.000057,2025-12-02T16:00:00.104Z
APEX-USD,LONG,50,29.600607,0.59201215475,0.00364,-0.000123,2025-12-02T16:00:00.104Z
BERA-USD,LONG,33,29.386279,0.89049332125,0.000587,-0.00002,2025-12-02T15:00:00.104Z
JUP-USD,LONG,122,29.773876,0.244048169624,-0.000358,0.000012,2025-12-02T15:00:00.104Z
LINEA-USD,LONG,3200,29.585378,0.009245430658,0.001331,-0.000045,2025-12-02T15:00:00.104Z
JUP-USD,LONG,125,29.655212,0.23724169625,-0.000267,0.000009,2025-12-02T14:00:00.104Z
LINEA-USD,LONG,3200,28.943421,0.0090448191,0.001678,-0.000058,2025-12-02T14:00:00.104Z
SOL-USD,LONG,0.22,28.712725,130.512389699999,0.000086,-0.000003,2025-12-02T14:00:00.104Z
POPCAT-USD,LONG,306,29.838247,0.097510611824,0.002208,-0.000074,2025-12-02T13:00:00.104Z
PENGU-USD,LONG,2900,28.988545,0.009996050157,-0.000377,0.000013,2025-12-02T13:00:00.104Z
APEX-USD,LONG,53,29.191086,0.550775213999,0.001634,-0.000056,2025-12-02T13:00:00.104Z
POPCAT-USD,LONG,308,29.829427,0.096848789375,0.000805,-0.000027,2025-12-02T12:00:00.104Z
LINEA-USD,LONG,3300,29.584056,0.008964865525,0.002218,-0.000075,2025-12-02T12:00:00.104Z
TIA-USD,LONG,52,29.376812,0.564938700999,0.003554,-0.000121,2025-12-01T21:00:00.104Z
BERA-USD,LONG,33,29.351078,0.889426616249,0.000616,-0.000021,2025-12-01T20:00:00.104Z
RESOLV-USD,LONG,360,28.448403,0.079023342337,0.025375,-0.000892,2025-12-01T19:00:00.104Z
ADA-USD,LONG,79,29.853645,0.377894252375,0.000716,-0.000024,2025-12-01T19:00:00.104Z
WLFI-USD,LONG,190,28.999221,0.152627484125,0.001043,-0.000036,2025-12-01T19:00:00.104Z
JUP-USD,LONG,134,29.857495,0.222817129624,-0.000389,0.000013,2025-12-01T19:00:00.104Z
RESOLV-USD,LONG,380,29.37276,0.077296739137,0.009164,-0.000312,2025-11-30T21:00:00.104Z
OP-USD,LONG,91,29.562015,0.324857309124,0.001271,-0.000043,2025-11-30T21:00:00.104Z
EDEN-USD,LONG,370,29.582239,0.079951998749,-0.001509,0.000051,2025-11-30T21:00:00.104Z
UNI-USD,LONG,4.8,29.456599,6.136791483749,-0.000383,0.000013,2025-11-30T20:00:00.104Z
NEAR-USD,LONG,16,29.609036,1.8505647675,0.00074,-0.000025,2025-11-30T19:00:00.104Z
GRASS-USD,LONG,91,29.630637,0.325611395999,-0.000386,0.000013,2025-11-30T19:00:00.104Z
BERA-USD,LONG,33,29.585535,0.8965313775,0.002426,-0.000082,2025-11-30T18:00:00.104Z
UNI-USD,LONG,4.8,29.638637,6.1747161075,0.001541,-0.000052,2025-11-30T18:00:00.104Z
ZRO-USD,LONG,21,28.862215,1.3743912305,0.003088,-0.000107,2025-11-30T18:00:00.104Z
RESOLV-USD,LONG,170,12.708635,0.074756681987,0.001207,-0.000095,2025-11-30T16:00:00.104Z
TIA-USD,LONG,21,13.754293,0.654966373749,0.001444,-0.000105,2025-11-30T16:00:00.104Z
APT-USD,LONG,6.3,12.755613,2.02470061625,0.001275,-0.0001,2025-11-30T16:00:00.104Z
RESOLV-USD,LONG,190,14.272599,0.075118943537,0.002797,-0.000196,2025-11-30T15:00:00.104Z
APT-USD,LONG,6.7,13.444222,2.006600324999,0.001841,-0.000137,2025-11-30T15:00:00.104Z
MON-USD,LONG,470,13.714456,0.029179695349,-0.000151,0.000011,2025-11-30T14:00:00.104Z
GRASS-USD,LONG,41,13.243132,0.32300323,-0.000106,0.000008,2025-11-30T14:00:00.104Z
APT-USD,LONG,6.9,13.961149,2.023355058374,0.001075,-0.000077,2025-11-30T14:00:00.104Z
ZRO-USD,LONG,10,13.387466,1.338746653208,0.001352,-0.000101,2025-11-30T14:00:00.104Z
RESOLV-USD,LONG,180,13.730529,0.076280720625,0.006357,-0.000463,2025-11-30T13:00:00.104Z
KAITO-USD,LONG,19,13.408322,0.705701159624,0.001635,-0.000122,2025-11-30T13:00:00.104Z
APT-USD,LONG,7,14.059401,2.008485969375,0.000857,-0.000061,2025-11-30T12:00:00.104Z
ZRO-USD,LONG,10,13.362996,1.336299674311,0.001376,-0.000103,2025-11-30T12:00:00.104Z
KAITO-USD,LONG,19,13.367053,0.703529138124,0.000949,-0.000071,2025-11-30T12:00:00.104Z
BERA-USD,LONG,12,11.000254,0.9166878825,0.001243,-0.000113,2025-11-29T22:00:00.104Z
KAITO-USD,LONG,15,10.675438,0.71169586775,0.001003,-0.000094,2025-11-29T22:00:00.104Z
BERA-USD,LONG,12,10.916073,0.909672804999,0.001364,-0.000125,2025-11-29T21:00:00.104Z
APT-USD,LONG,5.4,10.919254,2.022084122999,0.001353,-0.000124,2025-11-29T21:00:00.104Z
APT-USD,LONG,5.4,10.908056,2.020010397375,0.001538,-0.000141,2025-11-29T20:00:00.104Z
KAITO-USD,LONG,15,10.632566,0.70883779225,0.000839,-0.000079,2025-11-29T20:00:00.104Z
RESOLV-USD,LONG,130,10.261386,0.078933742312,0.00393,-0.000383,2025-11-29T19:00:00.104Z
RESOLV-USD,LONG,130,10.260111,0.0789239372,0.002934,-0.000286,2025-11-29T18:00:00.104Z
EIGEN-USD,LONG,17,10.274421,0.604377756206,0.000113,-0.000011,2025-11-29T11:00:00.104Z
KAITO-USD,LONG,15,10.629778,0.708651908249,0.001169,-0.00011,2025-11-29T11:00:00.104Z
EIGEN-USD,LONG,17,10.307434,0.60631964861,0.000432,-0.000042,2025-11-29T10:00:00.104Z
KAITO-USD,LONG,15,10.492505,0.69950036025,0.00212,-0.000202,2025-11-29T10:00:00.104Z
EIGEN-USD,LONG,17,10.320463,0.607086093446,-0.000123,0.000012,2025-11-29T09:00:00.104Z
KAITO-USD,LONG,15,10.442068,0.696137906499,0.001169,-0.000112,2025-11-29T09:00:00.104Z
EIGEN-USD,LONG,17,10.324223,0.607307286673,0.000454,-0.000044,2025-11-29T08:00:00.104Z
KAITO-USD,LONG,15,10.456706,0.697113783249,0.000889,-0.000085,2025-11-29T08:00:00.104Z
EIGEN-USD,LONG,17,10.309803,0.606459051895,0.000227,-0.000022,2025-11-29T07:00:00.104Z
KAITO-USD,LONG,15,10.500824,0.7000549925,0.001334,-0.000127,2025-11-29T07:00:00.104Z
EIGEN-USD,LONG,17,10.389431,0.611143058763,0.000218,-0.000021,2025-11-29T06:00:00.104Z
KAITO-USD,LONG,15,10.51759,0.701172683749,0.00082,-0.000078,2025-11-29T06:00:00.104Z
EIGEN-USD,LONG,17,10.490221,0.617071847625,0.000315,-0.00003,2025-11-29T05:00:00.104Z
KAITO-USD,LONG,15,10.622847,0.708189839875,0.001094,-0.000103,2025-11-29T05:00:00.104Z
EIGEN-USD,LONG,17,10.381037,0.610649253191,0.000622,-0.00006,2025-11-29T04:00:00.104Z
KAITO-USD,LONG,15,10.526486,0.70176577225,0.000495,-0.000047,2025-11-29T04:00:00.104Z
EIGEN-USD,LONG,17,10.44159,0.614211188124,0.000502,-0.000048,2025-11-29T03:00:00.104Z
KAITO-USD,LONG,15,10.559021,0.703934734374,0.000782,-0.000074,2025-11-29T03:00:00.104Z
EIGEN-USD,LONG,17,10.451662,0.614803662499,0.000459,-0.000044,2025-11-29T02:00:00.104Z
KAITO-USD,LONG,15,10.636908,0.709127237499,0.001201,-0.000113,2025-11-29T02:00:00.104Z
CRV-USD,LONG,25,10.676578,0.427063141749,0.000277,-0.000026,2025-11-29T01:00:00.104Z
MEGA-USD,LONG,26,9.897371,0.380668144005,-0.000129,0.000013,2025-11-27T21:00:00.104Z
WLD-USD,LONG,15,9.874675,0.658311725499,-0.000129,0.000013,2025-11-27T16:00:00.104Z
ARB-USD,LONG,68,14.860062,0.218530330499,0.001515,-0.000102,2025-11-27T00:00:00.104Z
ADA-USD,LONG,34,14.807367,0.435510800499,0.001154,-0.000078,2025-11-27T00:00:00.104Z
AVNT-USD,LONG,36,14.634482,0.406513410499,0.001565,-0.000107,2025-11-27T00:00:00.104Z
RESOLV-USD,LONG,140,14.135015,0.100964397625,0.027181,-0.001923,2025-11-26T22:00:00.104Z
OP-USD,LONG,45,14.616715,0.324815890749,0.00016,-0.000011,2025-11-26T22:00:00.104Z
ARB-USD,LONG,67,14.681508,0.21912698925,0.000704,-0.000048,2025-11-26T22:00:00.104Z
SEI-USD,LONG,100,14.043525,0.14043525275,0.000407,-0.000029,2025-11-26T22:00:00.104Z
LINEA-USD,LONG,1300,13.967033,0.010743871774,0.00053,-0.000038,2025-11-26T22:00:00.104Z
AVNT-USD,LONG,36,14.533473,0.403707606249,0.000988,-0.000068,2025-11-26T22:00:00.104Z
1000SHIB-USD,LONG,1700,14.75105,0.00867708881,0.00115,-0.000078,2025-11-26T22:00:00.104Z
MNT-USD,LONG,14,15.018672,1.072762348124,0.001171,-0.000078,2025-11-26T22:00:00.104Z
APEX-USD,LONG,20,14.955429,0.74777147575,-0.000195,0.000013,2025-11-26T22:00:00.104Z
KAITO-USD,LONG,20,14.911434,0.74557170675,0.003325,-0.000223,2025-11-26T22:00:00.104Z
RESOLV-USD,LONG,140,14.074646,0.100533185962,0.024208,-0.00172,2025-11-26T21:00:00.104Z
GRASS-USD,LONG,43,14.865465,0.34570851,-0.00006,0.000004,2025-11-26T21:00:00.104Z
ARB-USD,LONG,68,14.839293,0.218224901249,0.000163,-0.000011,2025-11-26T21:00:00.104Z
ONDO-USD,LONG,28,14.422469,0.515088181999,0.000302,-0.000021,2025-11-26T21:00:00.104Z
SEI-USD,LONG,100,14.03335,0.140333508875,0.000603,-0.000043,2025-11-26T21:00:00.104Z
LINEA-USD,LONG,1400,14.913884,0.010652774789,0.000596,-0.00004,2025-11-26T21:00:00.104Z
AVNT-USD,LONG,37,14.851941,0.401403833249,0.001158,-0.000078,2025-11-26T21:00:00.104Z
APT-USD,LONG,6.5,14.678561,2.258240272499,0.000719,-0.000049,2025-11-26T21:00:00.104Z
1000SHIB-USD,LONG,1700,14.697286,0.008645462419,0.000852,-0.000058,2025-11-26T21:00:00.104Z
MNT-USD,LONG,14,14.665026,1.047501904062,-0.000719,0.000049,2025-11-26T21:00:00.104Z
IP-USD,LONG,10,26.791851,2.67918515875,0.005277,-0.000197,2025-11-26T21:00:00.104Z
ZRO-USD,LONG,11,14.439232,1.312657530751,0.000404,-0.000028,2025-11-26T21:00:00.104Z
KAITO-USD,LONG,20,14.809259,0.740462985374,0.008485,-0.000573,2025-11-26T21:00:00.104Z
RESOLV-USD,LONG,140,14.44376,0.103169717225,0.055521,-0.003844,2025-11-26T17:00:00.104Z
ONDO-USD,LONG,29,14.507972,0.500274899999,0.001059,-0.000073,2025-11-26T17:00:00.104Z
ADA-USD,LONG,35,14.663083,0.4189452375,-0.001393,0.000095,2025-11-26T17:00:00.104Z
WLFI-USD,LONG,100,16.010996,0.1601099625,0.002593,-0.000162,2025-11-26T17:00:00.104Z
SEI-USD,LONG,110,14.840937,0.134917612,0.001202,-0.000081,2025-11-26T17:00:00.104Z
AVNT-USD,LONG,37,14.570729,0.3938034945,0.000845,-0.000058,2025-11-26T17:00:00.104Z
TRX-USD,LONG,100,27.43164,0.274316403749,0.001042,-0.000038,2025-11-26T17:00:00.104Z
KAITO-USD,LONG,21,14.822367,0.70582703,0.005069,-0.000342,2025-11-26T17:00:00.104Z
CRV-USD,LONG,35,14.715643,0.42044696525,0.000706,-0.000048,2025-11-26T17:00:00.104Z
KAITO-USD,LONG,21,17.068465,0.8127840825,0.034137,-0.002,2025-11-25T19:00:00.104Z
KAITO-USD,LONG,21,15.175194,0.722628287249,0.010804,-0.000712,2025-11-25T18:00:00.104Z
MON-USD,LONG,520,16.665844,0.032049701639,-0.002917,0.000175,2025-11-24T19:00:00.104Z
RESOLV-USD,LONG,100,14.63429,0.146342903999,0.019507,-0.001333,2025-11-24T19:00:00.104Z
RESOLV-USD,LONG,100,14.184688,0.1418468808,-0.000184,0.000013,2025-11-24T18:00:00.104Z
KAITO-USD,LONG,22,14.757076,0.67077619425,0.001077,-0.000073,2025-11-24T18:00:00.104Z
APEX-USD,LONG,20,15.119701,0.755985061125,-0.000771,0.000051,2025-11-24T18:00:00.104Z
RESOLV-USD,LONG,100,14.064434,0.1406443498,-0.00007,0.000005,2025-11-24T17:00:00.104Z
KAITO-USD,LONG,22,14.356393,0.65256336,0.001594,-0.000111,2025-11-24T17:00:00.104Z
APEX-USD,LONG,20,14.718699,0.735934968,-0.000191,0.000013,2025-11-24T17:00:00.104Z
RESOLV-USD,LONG,100,13.928963,0.139289632812,-0.000168,0.000012,2025-11-24T16:00:00.104Z
KAITO-USD,LONG,22,14.291241,0.649601874999,0.000671,-0.000047,2025-11-24T16:00:00.104Z
APEX-USD,LONG,20,14.584061,0.729203089375,-0.000861,0.000059,2025-11-24T16:00:00.104Z
RESOLV-USD,LONG,120,14.956591,0.124638263775,0.000373,-0.000025,2025-11-23T16:00:00.104Z
MON-USD,LONG,480,15.465307,0.032219390004,-0.000202,0.000013,2025-11-23T16:00:00.104Z
POPCAT-USD,LONG,165,14.950444,0.09060875425,0.002063,-0.000138,2025-11-23T16:00:00.104Z
PENDLE-USD,LONG,10,22.145419,2.214541924749,0.001639,-0.000074,2025-11-23T16:00:00.104Z
RESOLV-USD,LONG,120,14.627707,0.1218975615,0.00098,-0.000067,2025-11-23T15:00:00.104Z
MON-USD,LONG,480,14.766238,0.030762996321,-0.000192,0.000013,2025-11-23T15:00:00.104Z
POPCAT-USD,LONG,165,14.686931,0.089011708499,0.001865,-0.000127,2025-11-23T15:00:00.104Z
PENDLE-USD,LONG,10,21.89608,2.189608063499,0.002605,-0.000119,2025-11-23T15:00:00.104Z
RESOLV-USD,LONG,120,14.693605,0.122446712499,0.001939,-0.000132,2025-11-23T14:00:00.104Z
POPCAT-USD,LONG,165,14.851786,0.090010828249,0.002584,-0.000174,2025-11-23T14:00:00.104Z
PENDLE-USD,LONG,10,22.282302,2.228230298,0.003721,-0.000167,2025-11-23T14:00:00.104Z
RESOLV-USD,LONG,120,14.600968,0.121674741174,0.001708,-0.000117,2025-11-23T13:00:00.104Z
MON-USD,LONG,470,15.175506,0.03228831192,0.004674,-0.000308,2025-11-23T13:00:00.104Z
LINEA-USD,LONG,1500,14.595271,0.009730181174,-0.00019,0.000013,2025-11-23T13:00:00.104Z
POPCAT-USD,LONG,164,14.744497,0.08990547475,0.002182,-0.000148,2025-11-23T13:00:00.104Z
MON-USD,LONG,470,14.675249,0.031223935113,0.000322,-0.000022,2025-11-23T12:00:00.104Z
BERA-USD,LONG,14,14.434068,1.031004879999,0.000678,-0.000047,2025-11-23T12:00:00.104Z
POPCAT-USD,LONG,165,14.818133,0.089806871999,0.001955,-0.000132,2025-11-23T12:00:00.104Z
ZORA-USD,LONG,1000,52.414828,0.0524148288,0.007704,-0.000147,2025-11-23T12:00:00.104Z
ZRO-USD,SHORT,11,13.806472,1.255133855154,-0.000414,-0.00003,2025-11-22T22:00:00.104Z
TIA-USD,LONG,24,14.90247,0.620936268749,0.000909,-0.000061,2025-11-22T22:00:00.104Z
TON-USD,SHORT,11,16.929796,1.539072375749,0.00022,0.000013,2025-11-22T22:00:00.104Z
WLFI-USD,SHORT,110,17.090864,0.15537149775,0.00012,0.000007,2025-11-22T22:00:00.104Z
ZRO-USD,SHORT,11,13.762312,1.251119322089,-0.000936,-0.000068,2025-11-22T21:00:00.104Z
TIA-USD,LONG,24,14.693996,0.6122498505,0.000793,-0.000054,2025-11-22T21:00:00.104Z
TON-USD,SHORT,11,16.780439,1.52549450625,0.000218,0.000013,2025-11-22T21:00:00.104Z
WLFI-USD,SHORT,110,17.245125,0.156773866904,-0.001087,-0.000063,2025-11-22T21:00:00.104Z
ZRO-USD,SHORT,11,13.763809,1.25125537125,-0.000509,-0.000037,2025-11-22T20:00:00.104Z
TIA-USD,LONG,24,14.868208,0.619508694,0.000625,-0.000042,2025-11-22T20:00:00.104Z
TON-USD,SHORT,11,16.743225,1.522111417749,0.000218,0.000013,2025-11-22T20:00:00.104Z
WLFI-USD,SHORT,110,17.102372,0.15547611375,-0.000222,-0.000013,2025-11-22T20:00:00.104Z
ZRO-USD,SHORT,11,13.81727,1.256115513221,-0.000815,-0.000059,2025-11-22T19:00:00.104Z
TIA-USD,LONG,24,14.890699,0.6204458325,0.000297,-0.00002,2025-11-22T19:00:00.104Z
TON-USD,SHORT,11,16.656284,1.514207674499,0.000216,0.000013,2025-11-22T19:00:00.104Z
WLFI-USD,SHORT,110,16.904212,0.1536746625,-0.000693,-0.000041,2025-11-22T19:00:00.104Z
ZRO-USD,SHORT,11,13.884344,1.262213154979,-0.001111,-0.00008,2025-11-22T18:00:00.104Z
TIA-USD,LONG,24,14.938754,0.622448118,0.00021,-0.000014,2025-11-22T18:00:00.104Z
TON-USD,SHORT,11,16.606112,1.5096465675,0.000216,0.000013,2025-11-22T18:00:00.104Z
WLFI-USD,SHORT,110,16.606112,0.15096465675,-0.00093,-0.000056,2025-11-22T18:00:00.104Z
ZRO-USD,SHORT,11,13.934422,1.266765727198,-0.000739,-0.000053,2025-11-22T17:00:00.104Z
TIA-USD,LONG,24,14.894379,0.62059916325,0.00058,-0.000039,2025-11-22T17:00:00.104Z
TON-USD,SHORT,11,16.628649,1.51169540925,0.000216,0.000013,2025-11-22T17:00:00.104Z
WLFI-USD,SHORT,110,16.595118,0.15086471325,-0.001411,-0.000085,2025-11-22T17:00:00.104Z
LINEA-USD,LONG,1500,14.128522,0.009419015124,0.001511,-0.000107,2025-11-22T15:00:00.104Z
AVNT-USD,LONG,38,14.778309,0.38890288975,0.001551,-0.000105,2025-11-22T15:00:00.104Z
WLD-USD,SHORT,25,14.984228,0.59936915875,0.000194,0.000013,2025-11-22T15:00:00.104Z
WLFI-USD,SHORT,110,16.011326,0.14555751225,-0.001682,-0.000105,2025-11-22T15:00:00.104Z
RESOLV-USD,LONG,110,14.191982,0.129018021499,0.002668,-0.000188,2025-11-22T10:00:00.104Z
LINEA-USD,LONG,1500,13.978617,0.009319078625,0.003326,-0.000238,2025-11-22T10:00:00.104Z
AVNT-USD,LONG,38,14.846666,0.39070174675,0.000816,-0.000055,2025-11-22T10:00:00.104Z
AVAX-USD,SHORT,1.1,14.560834,13.237122221249,0.000189,0.000013,2025-11-22T10:00:00.104Z
KAITO-USD,LONG,22,14.823413,0.67379151,0.002668,-0.00018,2025-11-21T22:00:00.104Z
RESOLV-USD,LONG,110,14.023707,0.127488248999,0.000603,-0.000043,2025-11-21T22:00:00.104Z
LINEA-USD,LONG,1500,14.397702,0.009598468599,0.00095,-0.000066,2025-11-21T22:00:00.104Z
AERO-USD,SHORT,22,14.772847,0.671493074,0.000192,0.000013,2025-11-21T22:00:00.104Z
KAITO-USD,LONG,22,14.47361,0.657891385999,0.002431,-0.000168,2025-11-21T21:00:00.104Z
RESOLV-USD,LONG,120,15.139382,0.126161517199,0.000469,-0.000031,2025-11-21T21:00:00.104Z
EIGEN-USD,LONG,26,15.009695,0.57729596174,-0.000196,0.000013,2025-11-21T21:00:00.104Z
FARTCOIN-USD,LONG,65,14.084361,0.216682483374,-0.000184,0.000013,2025-11-21T21:00:00.104Z
RESOLV-USD,LONG,120,14.964281,0.124702343999,0.000718,-0.000048,2025-11-21T20:00:00.104Z
EIGEN-USD,LONG,26,15.216669,0.585256500788,-0.000197,0.000013,2025-11-21T20:00:00.104Z
BNB-USD,LONG,0.018,14.841077,824.504320125,-0.000891,0.00006,2025-11-21T20:00:00.104Z
FARTCOIN-USD,LONG,65,14.727253,0.226573135,-0.000192,0.000013,2025-11-21T20:00:00.104Z
RESOLV-USD,LONG,120,15.105397,0.125878314187,0.000665,-0.000044,2025-11-21T19:00:00.104Z
EIGEN-USD,LONG,26,15.428541,0.593405440639,-0.000201,0.000013,2025-11-21T19:00:00.104Z
BNB-USD,LONG,0.018,14.895259,827.514394875,-0.00067,0.000045,2025-11-21T19:00:00.104Z
FARTCOIN-USD,LONG,65,15.042446,0.231422246999,-0.000195,0.000013,2025-11-21T19:00:00.104Z
RESOLV-USD,LONG,120,15.19355,0.1266129216,-0.000198,0.000013,2025-11-21T18:00:00.104Z
EIGEN-USD,LONG,26,15.401653,0.592371287933,-0.0002,0.000013,2025-11-21T18:00:00.104Z
BNB-USD,LONG,0.018,14.965518,831.417708,-0.001003,0.000067,2025-11-21T18:00:00.104Z
FARTCOIN-USD,LONG,65,15.355725,0.236241923999,-0.0002,0.000013,2025-11-21T18:00:00.104Z
RESOLV-USD,LONG,120,14.924126,0.12436771875,0.000388,-0.000026,2025-11-21T17:00:00.104Z
EIGEN-USD,LONG,26,15.331244,0.589663256294,-0.0002,0.000013,2025-11-21T17:00:00.104Z
BNB-USD,LONG,0.018,14.891532,827.307357375,-0.000462,0.000031,2025-11-21T17:00:00.104Z
FARTCOIN-USD,LONG,65,15.048422,0.231514194375,-0.000196,0.000013,2025-11-21T17:00:00.104Z
KAITO-USD,LONG,22,14.710815,0.668673438,0.00072,-0.000049,2025-11-21T15:00:00.104Z
AVNT-USD,LONG,37,14.673808,0.396589421999,0.000939,-0.000064,2025-11-21T15:00:00.104Z
1000BONK-USD,SHORT,1600,14.638599,0.009149124689,0.000746,0.000051,2025-11-21T15:00:00.104Z
SEI-USD,SHORT,110,14.82728,0.134793458,0.000192,0.000013,2025-11-21T15:00:00.104Z
LINEA-USD,SHORT,1500,14.225622,0.009483748425,0.002489,0.000175,2025-11-21T14:00:00.104Z
DOGE-USD,SHORT,110,15.396583,0.139968940025,0.000677,0.000044,2025-11-21T14:00:00.104Z
1000BONK-USD,SHORT,1600,14.40262,0.009001638075,0.000763,0.000053,2025-11-21T14:00:00.104Z
SOL-USD,SHORT,0.11,13.863638,126.033077351249,0.00018,0.000013,2025-11-21T13:00:00.104Z
DOGE-USD,SHORT,110,15.228552,0.138441384712,0.00099,0.000065,2025-11-21T13:00:00.104Z
APT-USD,SHORT,5.4,13.458552,2.492324448874,0.000175,0.000013,2025-11-21T13:00:00.104Z
1000SHIB-USD,SHORT,1800,14.063516,0.00781306479,0.000183,0.000013,2025-11-21T13:00:00.104Z
SOL-USD,SHORT,0.11,13.656593,124.150848263749,0.000082,0.000006,2025-11-21T12:00:00.104Z
DOGE-USD,SHORT,110,15.042741,0.136752191774,0.000812,0.000054,2025-11-21T12:00:00.104Z
APT-USD,SHORT,5.4,13.266498,2.456758949999,0.000173,0.000013,2025-11-21T12:00:00.104Z
1000SHIB-USD,SHORT,1800,13.865833,0.007703241044,0.00018,0.000013,2025-11-21T12:00:00.104Z
SOL-USD,SHORT,0.11,13.763778,125.125261625,0.000179,0.000013,2025-11-21T11:00:00.104Z
DOGE-USD,SHORT,110,15.142518,0.137659260375,0.000712,0.000047,2025-11-21T11:00:00.104Z
APT-USD,SHORT,5.4,13.460844,2.492748944124,0.000175,0.000013,2025-11-21T11:00:00.104Z
1000SHIB-USD,SHORT,1800,14.010343,0.00778352432,0.000182,0.000013,2025-11-21T11:00:00.104Z
SOL-USD,SHORT,0.11,13.82434,125.675818724999,0.00018,0.000013,2025-11-21T10:00:00.104Z
DOGE-USD,SHORT,110,15.157028,0.1377911641,0.000591,0.000039,2025-11-21T10:00:00.104Z
APT-USD,SHORT,5.4,13.469709,2.494390599249,0.000175,0.000013,2025-11-21T10:00:00.104Z
1000SHIB-USD,SHORT,1800,13.999802,0.007777668281,0.000182,0.000013,2025-11-21T10:00:00.104Z
SOL-USD,SHORT,0.11,14.058825,127.807501623749,0.000183,0.000013,2025-11-21T09:00:00.104Z
DOGE-USD,SHORT,110,15.482489,0.140749900687,0.000247,0.000016,2025-11-21T09:00:00.104Z
APT-USD,SHORT,5.4,13.761462,2.548419063749,0.000179,0.000013,2025-11-21T09:00:00.104Z
1000SHIB-USD,SHORT,1800,14.271545,0.007928636413,0.000186,0.000013,2025-11-21T09:00:00.104Z
SOL-USD,SHORT,0.11,13.950797,126.8254301125,0.000181,0.000013,2025-11-21T08:00:00.104Z
DOGE-USD,SHORT,110,15.388471,0.139895192762,0.000447,0.000029,2025-11-21T08:00:00.104Z
APT-USD,SHORT,5.4,13.708131,2.538542830874,0.000178,0.000013,2025-11-21T08:00:00.104Z
1000SHIB-USD,SHORT,1800,14.172644,0.007873691463,0.000184,0.000013,2025-11-21T08:00:00.104Z
SOL-USD,SHORT,0.11,14.367987,130.618069999999,0.000187,0.000013,2025-11-21T07:00:00.104Z
DOGE-USD,SHORT,110,16.065448,0.146049529999,0.000594,0.000037,2025-11-21T07:00:00.104Z
APT-USD,SHORT,5.4,14.4158,2.669592639999,0.000187,0.000013,2025-11-21T07:00:00.104Z
1000SHIB-USD,SHORT,1800,14.660486,0.0081447146,0.00019,0.000013,2025-11-21T07:00:00.104Z
DOGE-USD,SHORT,110,16.08986,0.146271462674,0.000483,0.00003,2025-11-21T06:00:00.104Z
APT-USD,SHORT,5.4,14.409274,2.668384213249,0.000187,0.000013,2025-11-21T06:00:00.104Z
SOL-USD,SHORT,0.11,14.49675,131.788645174999,0.000188,0.000013,2025-11-21T06:00:00.104Z
1000SHIB-USD,SHORT,1800,14.604073,0.008113374244,0.00019,0.000013,2025-11-21T06:00:00.104Z
DOGE-USD,SHORT,110,16.193057,0.147209611849,0.000567,0.000035,2025-11-21T05:00:00.104Z
APT-USD,SHORT,5.4,14.545587,2.693627264249,0.00019,0.000013,2025-11-21T05:00:00.104Z
SOL-USD,SHORT,0.11,14.554836,132.316692374999,0.00019,0.000013,2025-11-21T05:00:00.104Z
1000SHIB-USD,SHORT,1800,14.777419,0.008209677697,0.000192,0.000013,2025-11-21T05:00:00.104Z
DOGE-USD,SHORT,110,16.140643,0.14673312115,0.000548,0.000034,2025-11-21T04:00:00.104Z
APT-USD,SHORT,5.4,14.69212,2.7207629785,0.000191,0.000013,2025-11-21T04:00:00.104Z
SOL-USD,SHORT,0.11,14.600174,132.728860124999,0.000189,0.000013,2025-11-21T04:00:00.104Z
1000SHIB-USD,SHORT,1800,14.814572,0.008230318,0.000193,0.000013,2025-11-21T04:00:00.104Z
DOGE-USD,SHORT,110,16.047252,0.145884115649,0.000402,0.000025,2025-11-21T03:00:00.104Z
APT-USD,SHORT,5.4,14.791326,2.739134594624,0.000192,0.000013,2025-11-21T03:00:00.104Z
SOL-USD,SHORT,0.11,14.44196,131.290552124999,0.000188,0.000013,2025-11-21T03:00:00.104Z
1000SHIB-USD,SHORT,1800,14.712166,0.00817342589,0.000191,0.000013,2025-11-21T03:00:00.104Z
DOGE-USD,SHORT,110,16.463225,0.149665686449,0.000214,0.000013,2025-11-21T02:00:00.104Z
APT-USD,SHORT,5.4,15.094823,2.795337694999,0.000196,0.000013,2025-11-21T02:00:00.104Z
SOL-USD,SHORT,0.11,14.754658,134.133257949999,0.000192,0.000013,2025-11-21T02:00:00.104Z
1000SHIB-USD,SHORT,1800,14.979753,0.008322085404,0.000195,0.000013,2025-11-21T02:00:00.104Z
DOGE-USD,SHORT,110,16.462126,0.149655697749,0.000214,0.000013,2025-11-21T01:00:00.104Z
APT-USD,SHORT,5.4,14.938902,2.766463427999,0.000194,0.000013,2025-11-21T01:00:00.104Z
SOL-USD,SHORT,0.11,14.723893,133.853574349999,0.000191,0.000013,2025-11-21T01:00:00.104Z
1000SHIB-USD,SHORT,1800,14.955481,0.008308600659,0.000194,0.000013,2025-11-21T01:00:00.104Z
DOGE-USD,SHORT,110,16.352578,0.148659804249,0.000572,0.000035,2025-11-21T00:00:00.104Z
APT-USD,SHORT,5.4,14.7835,2.73768523,0.000193,0.000013,2025-11-21T00:00:00.104Z
SOL-USD,SHORT,0.11,14.68573,133.50664295,0.000191,0.000013,2025-11-21T00:00:00.104Z
1000SHIB-USD,SHORT,1800,14.828122,0.008237845829,0.000193,0.000013,2025-11-21T00:00:00.104Z
DOGE-USD,SHORT,110,16.784657,0.152587792599,0.000604,0.000036,2025-11-20T23:00:00.104Z
APT-USD,SHORT,5.4,15.180669,2.81123518,0.000197,0.000013,2025-11-20T23:00:00.104Z
SOL-USD,SHORT,0.11,14.983848,136.216805,0.000195,0.000013,2025-11-20T23:00:00.104Z
1000SHIB-USD,SHORT,1800,15.187076,0.008437264832,0.000198,0.000013,2025-11-20T23:00:00.104Z
DOGE-USD,SHORT,110,16.581847,0.150744067224,0.000779,0.000047,2025-11-20T22:00:00.104Z
APT-USD,SHORT,5.4,15.034267,2.78412362275,0.000285,0.000019,2025-11-20T22:00:00.104Z
SOL-USD,SHORT,0.11,14.726297,133.875433075,0.000191,0.000013,2025-11-20T22:00:00.104Z
1000SHIB-USD,SHORT,1800,15.045143,0.008358413214,0.0003,0.00002,2025-11-20T22:00:00.104Z
FARTCOIN-USD,SHORT,50,13.202399,0.264047980124,0.000541,0.000041,2025-11-20T17:00:00.104Z
1000BONK-USD,SHORT,1400,13.501296,0.009643783504,0.000176,0.000013,2025-11-20T17:00:00.104Z
APEX-USD,SHORT,19,14.457184,0.760904457499,0.000766,0.000053,2025-11-20T17:00:00.104Z
ONDO-USD,SHORT,28,14.108603,0.503878710374,0.000226,0.000016,2025-11-20T17:00:00.104Z
FARTCOIN-USD,SHORT,50,14.601384,0.292027684125,0.001416,0.000097,2025-11-20T16:00:00.104Z
1000BONK-USD,SHORT,1400,14.29644,0.010211742975,0.000428,0.00003,2025-11-20T16:00:00.104Z
APEX-USD,SHORT,19,14.875781,0.7829358605,0.001413,0.000095,2025-11-20T16:00:00.104Z
ONDO-USD,SHORT,28,14.878253,0.531366184875,0.001056,0.000071,2025-11-20T16:00:00.104Z
BERA-USD,SHORT,12,14.03241,1.169367541249,-0.001348,-0.000096,2025-11-20T11:00:00.104Z
RESOLV-USD,SHORT,150,18.826366,0.125509110937,-0.000998,-0.000053,2025-11-20T10:00:00.104Z
AVNT-USD,LONG,46,19.598652,0.426057666,0.000509,-0.000026,2025-11-20T10:00:00.104Z
FARTCOIN-USD,SHORT,134,39.727916,0.296476989999,0.003893,0.000098,2025-11-20T10:00:00.104Z
EIGEN-USD,SHORT,90,59.450194,0.660557713906,0.000772,0.000013,2025-11-20T10:00:00.104Z
ARB-USD,SHORT,85,19.943884,0.234633937999,0.000259,0.000013,2025-11-20T10:00:00.104Z
APEX-USD,SHORT,50,39.32369,0.786473808,0.010184,0.000259,2025-11-20T10:00:00.104Z
ARB-USD,SHORT,345,78.778785,0.228344305,0.001024,0.000013,2025-11-20T01:00:00.104Z
ETH-USD,SHORT,0.017,51.277573,3016.3278595,0.000666,0.000013,2025-11-20T01:00:00.104Z
BTC-USD,SHORT,0.00127,116.537739,91761.999440999992,0.001514,0.000013,2025-11-20T01:00:00.104Z
AVAX-USD,SHORT,3.8,54.118755,14.241777858749,0.001677,0.000031,2025-11-20T01:00:00.104Z
SOL-USD,SHORT,0.3,41.223571,137.411906174999,0.000535,0.000013,2025-11-20T01:00:00.104Z
AVAX-USD,SHORT,3.3,47.087238,14.268860212499,0.00193,0.000041,2025-11-20T00:00:00.104Z
SOL-USD,SHORT,0.32,43.777352,136.804227075,0.000569,0.000013,2025-11-20T00:00:00.104Z
ARB-USD,SHORT,253,57.28138,0.226408617749,0.000744,0.000013,2025-11-19T23:00:00.104Z
ETH-USD,SHORT,0.019,56.644634,2981.296534124999,0.000736,0.000013,2025-11-19T23:00:00.104Z
AVAX-USD,SHORT,3.9,55.420641,14.210420969999,0.003602,0.000065,2025-11-19T23:00:00.104Z
SOL-USD,SHORT,0.34,46.019467,135.3513753,0.000598,0.000013,2025-11-19T23:00:00.104Z
ARB-USD,SHORT,411,93.584628,0.227699824874,0.001216,0.000013,2025-11-19T22:00:00.104Z
BTC-USD,SHORT,0.00065,58.842007,90526.165186999991,0.001,0.000017,2025-11-19T22:00:00.104Z
AVAX-USD,SHORT,6.1,86.887921,14.243921496249,0.004778,0.000055,2025-11-19T22:00:00.104Z
SOL-USD,SHORT,0.7,94.679712,135.256731524999,0.00123,0.000013,2025-11-19T22:00:00.104Z
FARTCOIN-USD,SHORT,84,20.111443,0.239421948,0.000985,0.000049,2025-11-19T20:00:00.104Z
TON-USD,SHORT,11,18.652441,1.695676481874,0.000074,0.000004,2025-11-19T20:00:00.104Z
KAITO-USD,LONG,25,19.221632,0.768865309499,0.007804,-0.000406,2025-11-19T13:00:00.104Z
KAITO-USD,LONG,25,19.507682,0.78030730925,0.009363,-0.00048,2025-11-19T12:00:00.104Z
ZORA-USD,LONG,1000,49.874314,0.049874314349,0.023341,-0.000468,2025-11-19T11:00:00.104Z
KAITO-USD,LONG,24,19.071182,0.79463259875,0.004233,-0.000222,2025-11-18T21:00:00.104Z
AVNT-USD,LONG,44,19.536737,0.444016768749,-0.000254,0.000013,2025-11-18T21:00:00.104Z
KAITO-USD,LONG,24,19.172985,0.79887438675,0.002089,-0.000109,2025-11-18T20:00:00.104Z
AVNT-USD,LONG,44,19.68488,0.44738364825,0.001811,-0.000092,2025-11-18T20:00:00.104Z
WLD-USD,LONG,28,19.307105,0.68953947975,-0.000251,0.000013,2025-11-18T20:00:00.104Z
IP-USD,LONG,10,28.188359,2.818835905,0.002903,-0.000103,2025-11-18T20:00:00.104Z
KAITO-USD,LONG,24,19.38629,0.807762088,0.003548,-0.000183,2025-11-18T19:00:00.104Z
WLD-USD,LONG,28,19.228166,0.686720215999,-0.00025,0.000013,2025-11-18T19:00:00.104Z
KAITO-USD,LONG,24,19.295022,0.803959285499,0.003685,-0.000191,2025-11-18T18:00:00.104Z
WLD-USD,LONG,28,19.169699,0.6846321195,-0.00025,0.000013,2025-11-18T18:00:00.104Z
EIGEN-USD,SHORT,30,20.492843,0.683094775984,0.000266,0.000013,2025-11-18T16:00:00.104Z
EIGEN-USD,SHORT,30,19.64813,0.65493769653,0.000255,0.000013,2025-11-18T15:00:00.104Z
EIGEN-USD,SHORT,30,19.521216,0.650707218997,0.000488,0.000025,2025-11-18T14:00:00.104Z
EIGEN-USD,SHORT,30,19.629866,0.654328874497,0.000314,0.000016,2025-11-18T13:00:00.104Z
EIGEN-USD,SHORT,30,19.578666,0.652622209515,0.000255,0.000013,2025-11-18T12:00:00.104Z
EIGEN-USD,SHORT,30,19.74024,0.658008020024,0.000257,0.000013,2025-11-18T11:00:00.104Z
EIGEN-USD,SHORT,30,19.754662,0.658488747943,0.000256,0.000013,2025-11-18T10:00:00.104Z
EIGEN-USD,SHORT,30,19.73542,0.657847340719,0.000257,0.000013,2025-11-18T09:00:00.104Z
EIGEN-USD,SHORT,30,19.432779,0.647759305777,0.000253,0.000013,2025-11-18T08:00:00.104Z
EIGEN-USD,SHORT,30,19.40885,0.646961667954,0.000252,0.000013,2025-11-18T07:00:00.104Z
EIGEN-USD,SHORT,30,19.660832,0.655361076215,0.000255,0.000013,2025-11-18T06:00:00.104Z
STRK-USD,SHORT,220,40.735101,0.185159552875,0.00053,0.000013,2025-11-18T05:00:00.104Z
EIGEN-USD,SHORT,92,60.373237,0.65623084167,0.000785,0.000013,2025-11-18T05:00:00.104Z
TAO-USD,SHORT,0.5,161.611151,323.222303249999,0.019554,0.000121,2025-11-18T05:00:00.104Z
XPL-USD,SHORT,80,19.583072,0.244788409124,0.000254,0.000013,2025-11-18T05:00:00.104Z
UNI-USD,SHORT,2.7,19.998229,7.4067518475,0.0009,0.000045,2025-11-18T05:00:00.104Z
LINEA-USD,SHORT,1900,19.350403,0.010184422687,-0.00062,-0.000032,2025-11-18T05:00:00.104Z
AAVE-USD,SHORT,0.11,18.703288,170.029891187499,0.000243,0.000013,2025-11-18T05:00:00.104Z
STRK-USD,SHORT,220,40.752331,0.185237870399,0.000529,0.000013,2025-11-18T04:00:00.104Z
EIGEN-USD,SHORT,92,59.833018,0.650358897073,0.000777,0.000013,2025-11-18T04:00:00.104Z
TAO-USD,SHORT,0.5,161.986553,323.973107374999,0.02365,0.000146,2025-11-18T04:00:00.104Z
XPL-USD,SHORT,80,20.54243,0.256780381969,0.000267,0.000013,2025-11-18T04:00:00.104Z
UNI-USD,SHORT,2.7,20.302096,7.519295024999,0.001745,0.000086,2025-11-18T04:00:00.104Z
LINEA-USD,SHORT,1900,19.159593,0.010083996449,-0.000479,-0.000025,2025-11-18T04:00:00.104Z
AAVE-USD,SHORT,0.11,18.66698,169.699825349999,0.000242,0.000013,2025-11-18T04:00:00.104Z
TAO-USD,SHORT,0.4,128.450112,321.12528075,0.019652,0.000153,2025-11-18T03:00:00.104Z
XPL-USD,SHORT,80,19.657269,0.24571587,0.000255,0.000013,2025-11-18T03:00:00.104Z
UNI-USD,SHORT,2.7,19.98524,7.401940872499,0.001838,0.000092,2025-11-18T03:00:00.104Z
LINEA-USD,SHORT,1900,18.930609,0.009963478874,0.000018,0.000001,2025-11-18T03:00:00.104Z
AAVE-USD,SHORT,0.11,18.426335,167.512139249999,0.000239,0.000013,2025-11-18T03:00:00.104Z
TAO-USD,SHORT,0.2,63.650411,318.252055799999,0.00751,0.000118,2025-11-18T02:00:00.104Z
XPL-USD,SHORT,80,19.724845,0.246560568375,0.000256,0.000013,2025-11-18T02:00:00.104Z
UNI-USD,SHORT,2.7,19.935349,7.38346266875,0.002232,0.000112,2025-11-18T02:00:00.104Z
AAVE-USD,SHORT,0.11,18.481075,168.0097777,0.00024,0.000013,2025-11-18T02:00:00.104Z
TAO-USD,SHORT,0.1,31.417069,314.170691449999,0.004304,0.000137,2025-11-18T01:00:00.104Z
XPL-USD,SHORT,80,20.012307,0.250153842875,0.00026,0.000013,2025-11-18T01:00:00.104Z
AAVE-USD,SHORT,0.11,18.571816,168.834693525,0.000241,0.000013,2025-11-18T01:00:00.104Z
XPL-USD,SHORT,80,19.546475,0.244330939999,0.000254,0.000013,2025-11-18T00:00:00.104Z
AAVE-USD,SHORT,0.11,18.571199,168.829083499999,0.000241,0.000013,2025-11-18T00:00:00.104Z
XPL-USD,SHORT,80,19.299086,0.24123857625,0.00025,0.000013,2025-11-17T23:00:00.104Z
AAVE-USD,SHORT,0.11,18.483573,168.032486725,0.000351,0.000019,2025-11-17T23:00:00.104Z
EIGEN-USD,SHORT,32,20.05797,0.62681158838,0.00026,0.000013,2025-11-17T22:00:00.104Z
KAITO-USD,LONG,23,19.163295,0.833186758249,0.055573,-0.0029,2025-11-17T21:00:00.104Z
AVNT-USD,LONG,47,19.660175,0.418301609275,-0.000197,0.00001,2025-11-17T21:00:00.104Z
FARTCOIN-USD,SHORT,84,19.89169,0.236805838499,0.001332,0.000067,2025-11-17T21:00:00.104Z
POPCAT-USD,SHORT,194,19.931749,0.102740978999,0.000259,0.000013,2025-11-17T21:00:00.104Z
LINK-USD,SHORT,1.5,19.799736,13.1998240275,0.000257,0.000013,2025-11-17T21:00:00.104Z
1000BONK-USD,SHORT,1900,19.053409,0.010028110152,0.000247,0.000013,2025-11-17T21:00:00.104Z
TAO-USD,SHORT,0.1,31.146386,311.463861449999,0.003457,0.000111,2025-11-17T21:00:00.104Z
APEX-USD,SHORT,26,19.458552,0.748405847999,-0.001752,-0.00009,2025-11-17T21:00:00.104Z
SEI-USD,LONG,130,19.254019,0.1481078391,-0.000251,0.000013,2025-11-17T21:00:00.104Z
S-USD,SHORT,170,19.945335,0.117325503,0.000259,0.000013,2025-11-17T21:00:00.104Z
GRASS-USD,SHORT,73,19.94069,0.273160142999,0.000259,0.000013,2025-11-17T21:00:00.104Z
SOL-USD,LONG,0.15,19.51135,130.075669949999,-0.000254,0.000013,2025-11-17T21:00:00.104Z
IP-USD,LONG,10,27.835463,2.78354631,-0.000362,0.000013,2025-11-17T21:00:00.104Z
BERA-USD,SHORT,15,19.240065,1.282671059999,0.000153,0.000008,2025-11-17T21:00:00.104Z
NEAR-USD,SHORT,10,21.991884,2.199188425,0.000285,0.000013,2025-11-17T21:00:00.104Z
UNI-USD,SHORT,2.8,20.047927,7.159974125,0.00026,0.000013,2025-11-17T21:00:00.104Z
WLFI-USD,LONG,140,18.970869,0.135506210999,0.003035,-0.00016,2025-11-17T21:00:00.104Z
AVNT-USD,LONG,167,69.714838,0.417454120774,0.000349,-0.000005,2025-11-17T20:00:00.104Z
WLD-USD,LONG,111,71.347598,0.642771160249,-0.000928,0.000013,2025-11-17T20:00:00.104Z
ZORA-USD,LONG,1500,74.321322,0.049547548,0.065031,-0.000875,2025-11-17T20:00:00.104Z
AVNT-USD,LONG,167,70.586118,0.42267137025,0.010588,-0.00015,2025-11-17T19:00:00.104Z
WLD-USD,LONG,111,72.285046,0.651216638999,-0.000939,0.000013,2025-11-17T19:00:00.104Z
ZORA-USD,LONG,1500,74.32536,0.049550240512,0.06667,-0.000897,2025-11-17T19:00:00.104Z
AVNT-USD,LONG,167,71.518939,0.428257119999,0.014804,-0.000207,2025-11-17T18:00:00.104Z
WLD-USD,LONG,111,73.129299,0.658822519999,-0.000951,0.000013,2025-11-17T18:00:00.104Z
ZORA-USD,LONG,1500,74.767638,0.049845092,0.053683,-0.000718,2025-11-17T18:00:00.104Z
AVNT-USD,LONG,167,73.841367,0.442163875124,0.017722,-0.00024,2025-11-17T17:00:00.104Z
WLD-USD,LONG,111,74.978515,0.675482118,-0.000975,0.000013,2025-11-17T17:00:00.104Z
ZORA-USD,LONG,1500,76.425569,0.050950379375,0.051663,-0.000676,2025-11-17T17:00:00.104Z
AVNT-USD,LONG,167,72.431116,0.4337192629,0.01282,-0.000177,2025-11-17T16:00:00.104Z
WLD-USD,LONG,111,74.078702,0.667375698499,-0.000963,0.000013,2025-11-17T16:00:00.104Z
ZORA-USD,LONG,1500,77.241817,0.051494545024,0.061639,-0.000798,2025-11-17T16:00:00.104Z
AVNT-USD,LONG,167,74.47471,0.445956349,0.009309,-0.000125,2025-11-17T15:00:00.104Z
WLD-USD,LONG,111,75.211142,0.677577863,-0.000978,0.000013,2025-11-17T15:00:00.104Z
ZORA-USD,LONG,1500,77.340402,0.051560268,0.055453,-0.000717,2025-11-17T15:00:00.104Z
AVNT-USD,LONG,167,73.212999,0.438401193749,0.00571,-0.000078,2025-11-17T14:00:00.104Z
WLD-USD,LONG,111,73.639859,0.66342215975,-0.000957,0.000013,2025-11-17T14:00:00.104Z
ZORA-USD,LONG,1500,74.280156,0.0495201042,0.034466,-0.000464,2025-11-17T14:00:00.104Z
AVNT-USD,LONG,167,76.444593,0.457752057125,0.007033,-0.000092,2025-11-17T13:00:00.104Z
WLD-USD,LONG,111,75.52107,0.680370000749,-0.000982,0.000013,2025-11-17T13:00:00.104Z
ZORA-USD,LONG,1500,75.179461,0.050119640725,0.019095,-0.000254,2025-11-17T13:00:00.104Z
AVNT-USD,LONG,167,76.83594,0.4600954535,0.003458,-0.000045,2025-11-17T12:00:00.105Z
WLD-USD,LONG,111,75.871084,0.6835232815,-0.000986,0.000013,2025-11-17T12:00:00.105Z
ZORA-USD,LONG,1500,74.979721,0.04998648075,0.003374,-0.000045,2025-11-17T12:00:00.105Z
AVNT-USD,LONG,167,76.846787,0.46016040345,0.009145,-0.000119,2025-11-17T11:00:00.104Z
WLD-USD,LONG,111,75.660346,0.6816247445,-0.000984,0.000013,2025-11-17T11:00:00.104Z
ZORA-USD,LONG,1500,74.327723,0.0495518157,0.005872,-0.000079,2025-11-17T11:00:00.104Z
AVNT-USD,LONG,167,76.256133,0.4566235556,0.007091,-0.000093,2025-11-17T10:00:00.104Z
WLD-USD,LONG,111,75.681772,0.681817766999,-0.000984,0.000013,2025-11-17T10:00:00.104Z
ZORA-USD,LONG,1500,74.956488,0.0499709922,0.014542,-0.000194,2025-11-17T10:00:00.104Z
AVNT-USD,LONG,167,76.964816,0.460867162499,0.010929,-0.000142,2025-11-17T09:00:00.104Z
WLD-USD,LONG,111,75.633621,0.6813839815,-0.000983,0.000013,2025-11-17T09:00:00.104Z
ZORA-USD,LONG,1500,74.667974,0.0497786494,0.043681,-0.000585,2025-11-17T09:00:00.104Z
AVNT-USD,LONG,167,76.95198,0.460790303,0.024933,-0.000324,2025-11-17T08:00:00.104Z
WLD-USD,LONG,111,75.91469,0.683916128999,-0.000987,0.000013,2025-11-17T08:00:00.104Z
ZORA-USD,LONG,1500,75.331195,0.0502207972,0.042938,-0.00057,2025-11-17T08:00:00.104Z
AVNT-USD,LONG,167,76.469588,0.45790173,0.032194,-0.000421,2025-11-17T07:00:00.104Z
WLD-USD,LONG,111,75.63892,0.681431718,-0.000983,0.000013,2025-11-17T07:00:00.104Z
ZORA-USD,LONG,1500,75.062908,0.0500419392,0.040985,-0.000546,2025-11-17T07:00:00.104Z
AVNT-USD,LONG,167,76.105895,0.45572392425,0.025799,-0.000339,2025-11-17T06:00:00.104Z
WLD-USD,LONG,111,75.564682,0.68076290625,-0.000983,0.000013,2025-11-17T06:00:00.104Z
ZORA-USD,LONG,1500,74.997711,0.049998474449,0.043798,-0.000584,2025-11-17T06:00:00.104Z
AVNT-USD,LONG,167,76.002418,0.45510429965,0.021965,-0.000289,2025-11-17T05:00:00.104Z
WLD-USD,LONG,111,75.638163,0.6814248985,-0.000983,0.000013,2025-11-17T05:00:00.104Z
IP-USD,LONG,1,2.920299,2.9202996365,0.000213,-0.000073,2025-11-17T05:00:00.104Z
ZORA-USD,LONG,1500,75.489328,0.05032621895,0.043255,-0.000573,2025-11-17T05:00:00.104Z
AVNT-USD,LONG,167,76.786719,0.459800713574,0.019657,-0.000256,2025-11-17T04:00:00.104Z
WLD-USD,LONG,111,75.635703,0.681402735125,-0.000983,0.000013,2025-11-17T04:00:00.104Z
IP-USD,LONG,1,2.921353,2.921353730749,-0.000038,0.000013,2025-11-17T04:00:00.104Z
ZORA-USD,LONG,1500,75.741668,0.050494445662,0.043324,-0.000572,2025-11-17T04:00:00.104Z
AVNT-USD,LONG,167,76.087684,0.45561487675,0.016435,-0.000216,2025-11-17T03:00:00.104Z
WLD-USD,LONG,111,75.030761,0.67595280925,-0.000975,0.000013,2025-11-17T03:00:00.104Z
IP-USD,LONG,1,2.905362,2.905362987499,-0.000038,0.000013,2025-11-17T03:00:00.104Z
ZORA-USD,LONG,1500,75.971239,0.050647493099,0.041633,-0.000548,2025-11-17T03:00:00.104Z
AVNT-USD,LONG,167,75.698161,0.4532824055,0.02059,-0.000272,2025-11-17T02:00:00.104Z
WLD-USD,LONG,111,74.742126,0.673352487499,-0.000972,0.000013,2025-11-17T02:00:00.104Z
IP-USD,LONG,1,2.893291,2.89329195,0.000076,-0.000026,2025-11-17T02:00:00.104Z
ZORA-USD,LONG,1500,75.427971,0.05028531415,0.084554,-0.001121,2025-11-17T02:00:00.104Z
AVNT-USD,LONG,167,75.87416,0.454336291499,0.026935,-0.000355,2025-11-17T01:00:00.104Z
WLD-USD,LONG,111,74.950948,0.675233766999,-0.000975,0.000013,2025-11-17T01:00:00.104Z
IP-USD,LONG,1,2.935473,2.935473124999,-0.000039,0.000013,2025-11-17T01:00:00.104Z
ZORA-USD,LONG,1500,75.870113,0.050580075649,0.110391,-0.001455,2025-11-17T01:00:00.104Z
AVNT-USD,LONG,166,76.82985,0.4628304265,0.075907,-0.000988,2025-11-17T00:00:00.104Z
WLD-USD,LONG,111,74.679185,0.6727854575,-0.000971,0.000013,2025-11-17T00:00:00.104Z
IP-USD,LONG,1,2.944466,2.944466915,-0.000039,0.000013,2025-11-17T00:00:00.104Z
ZORA-USD,LONG,1500,76.108424,0.050738949749,0.020016,-0.000263,2025-11-17T00:00:00.104Z
AVNT-USD,LONG,165,74.764777,0.453119862674,0.058092,-0.000777,2025-11-16T23:00:00.104Z
WLD-USD,LONG,111,74.524452,0.671391462375,-0.000969,0.000013,2025-11-16T23:00:00.104Z
IP-USD,LONG,1,2.933459,2.933459827499,-0.000039,0.000013,2025-11-16T23:00:00.104Z
ZORA-USD,LONG,1500,75.810723,0.050540482562,0.014404,-0.00019,2025-11-16T23:00:00.104Z
AVNT-USD,LONG,165,73.714663,0.446755538362,0.036857,-0.0005,2025-11-16T22:00:00.104Z
IP-USD,LONG,26,75.869542,2.918059332375,0.022457,-0.000296,2025-11-16T22:00:00.104Z
ZORA-USD,LONG,1500,74.779049,0.049852699462,0.040156,-0.000537,2025-11-16T22:00:00.104Z
AVNT-USD,LONG,165,74.48238,0.451408367249,0.034336,-0.000461,2025-11-16T21:00:00.104Z
ZORA-USD,LONG,1400,70.857893,0.050612781,0.058457,-0.000825,2025-11-16T21:00:00.104Z
WLFI-USD,LONG,520,73.982398,0.14227384275,0.008729,-0.000118,2025-11-16T21:00:00.104Z
AVNT-USD,LONG,163,74.077818,0.454465143112,0.049409,-0.000667,2025-11-16T20:00:00.104Z
IP-USD,LONG,25,72.799078,2.91196312875,-0.000947,0.000013,2025-11-16T20:00:00.104Z
ZORA-USD,LONG,1400,70.991709,0.050708364125,0.028183,-0.000397,2025-11-16T20:00:00.104Z
AVNT-USD,LONG,22,10.030155,0.455916179174,0.003039,-0.000303,2025-11-16T18:00:00.104Z
RESOLV-USD,LONG,100,19.057604,0.190576044999,0.037067,-0.001945,2025-11-16T18:00:00.104Z
PUMP-USD,SHORT,8900,29.559849,0.003321331416,0.000384,0.000013,2025-11-16T18:00:00.104Z
TAO-USD,SHORT,0.1,31.702879,317.02879725,0.000443,0.000014,2025-11-16T18:00:00.104Z
TRX-USD,LONG,100,29.0566,0.290566009249,-0.000378,0.000013,2025-11-16T18:00:00.104Z
IP-USD,LONG,10,29.145896,2.914589692499,0.006149,-0.000211,2025-11-16T18:00:00.104Z
ZORA-USD,LONG,1000,51.351214,0.051351214362,0.010372,-0.000202,2025-11-16T18:00:00.104Z
BERA-USD,LONG,10,13.456146,1.34561467625,0.001762,-0.000131,2025-11-16T18:00:00.104Z
AVNT-USD,LONG,64,28.943577,0.452243397375,0.006367,-0.00022,2025-11-16T17:00:00.104Z
PUMP-USD,SHORT,4400,14.494736,0.003294258379,0.000188,0.000013,2025-11-16T17:00:00.104Z
WLD-USD,LONG,22,14.603635,0.66380163125,-0.00019,0.000013,2025-11-16T17:00:00.104Z
APT-USD,LONG,5.2,14.418888,2.772863169999,-0.000447,0.000031,2025-11-16T17:00:00.104Z
BERA-USD,LONG,11,14.680547,1.33459519875,-0.000191,0.000013,2025-11-16T17:00:00.104Z
EDEN-USD,LONG,150,14.003177,0.093354513787,-0.000575,0.000041,2025-11-16T12:00:00.104Z
HYPE-USD,LONG,0.74,29.606416,40.0086713175,-0.001303,0.000044,2025-11-16T11:00:00.104Z
UNI-USD,LONG,5.7,44.611989,7.826664787499,-0.00058,0.000013,2025-11-16T11:00:00.104Z
ETH-USD,LONG,0.01,31.660403,3166.0403951,-0.000412,0.000013,2025-11-15T23:00:00.104Z
ETH-USD,LONG,0.01,31.555357,3155.535759249999,-0.000411,0.000013,2025-11-15T22:00:00.104Z
ETH-USD,LONG,0.01,31.692095,3169.209540525,-0.000412,0.000013,2025-11-15T21:00:00.104Z
ETH-USD,LONG,0.01,31.966738,3196.673822324999,-0.000416,0.000013,2025-11-15T20:00:00.104Z
ETH-USD,LONG,0.01,32.016803,3201.680345624999,-0.000416,0.000013,2025-11-15T19:00:00.104Z
ETH-USD,LONG,0.01,32.118396,3211.839665012499,-0.000418,0.000013,2025-11-15T18:00:00.104Z
ETH-USD,LONG,0.01,31.825934,3182.593429125,-0.000414,0.000013,2025-11-15T17:00:00.104Z
ETH-USD,LONG,0.01,31.823578,3182.357810625,-0.000414,0.000013,2025-11-15T16:00:00.104Z
ETH-USD,LONG,0.01,31.742677,3174.267787487499,-0.000412,0.000013,2025-11-15T15:00:00.104Z
ETH-USD,LONG,0.01,31.871997,3187.199732337499,-0.000415,0.000013,2025-11-15T14:00:00.104Z